arquivo,real_kWh,previsto_kWh,erro_absoluto,erro_relativo_%
amostra_0832_1039.88.npy,1039.88,1235.2477,195.3676806640624,18.787521700971492
amostra_0589_1042.61.npy,1042.61,1362.9127,320.3027197265626,30.721239938861377
amostra_0865_1125.52.npy,1125.52,1529.4412,403.921162109375,35.88751529154302
amostra_0459_1127.35.npy,1127.35,1365.6925,238.3425048828126,21.14183748461548
amostra_0101_1239.89.npy,1239.89,1399.8636,159.9736474609374,12.902245155694244
amostra_1063_1351.73.npy,1351.73,1598.2133,246.48325683593748,18.234651656465232
amostra_0681_1372.93.npy,1372.93,1406.8864,33.956352539062436,2.473276317005414
amostra_0764_1432.83.npy,1432.83,1415.5502,17.279829101562427,1.2059929720596603
amostra_1158_1439.20.npy,1439.2,1728.8708,289.67084960937495,20.127213007877636
amostra_0819_1444.90.npy,1444.9,1326.7117,118.18833007812509,8.179689257258293
amostra_0318_1457.07.npy,1457.07,1699.5125,242.44245117187506,16.63903938533324
amostra_1170_1459.74.npy,1459.74,1784.6904,324.9504296875,22.260843005432474
amostra_0973_1469.59.npy,1469.59,1450.5803,19.009677734374918,1.293536138268151
amostra_0120_1510.78.npy,1510.78,1497.1431,13.636933593749973,0.9026419196540841
amostra_0719_1518.90.npy,1518.9,1638.2311,119.33107910156241,7.856414451350477
amostra_0990_1519.93.npy,1519.93,1513.3208,6.609199218750064,0.4348357634068716
amostra_0298_1527.91.npy,1527.91,1618.8179,90.90787109374992,5.949818450939513
amostra_0811_1560.36.npy,1560.36,1591.8517,31.4916845703126,2.018231983023956
amostra_0140_1573.00.npy,1573.0,1587.3608,14.36083984375,0.912958667752702
amostra_1135_1574.07.npy,1574.07,1572.0596,2.0104296874999363,0.1277217460151033
amostra_1072_1625.54.npy,1625.54,1519.0057,106.53426269531246,6.553776756973834
amostra_0927_1635.24.npy,1635.24,1758.1251,122.88512207031249,7.514806515882225
amostra_1240_1637.03.npy,1637.03,1511.3407,125.68930175781247,7.67788627928703
amostra_0437_1640.45.npy,1640.45,1652.9548,12.504833984374955,0.7622807147048039
amostra_0357_1657.08.npy,1657.08,1864.1466,207.06660644531257,12.49587264617958
amostra_0141_1668.00.npy,1668.0,1488.0955,179.904541015625,10.785643945780874
amostra_1277_1707.87.npy,1707.87,1430.5638,277.3061572265624,16.23695932515721
amostra_0264_1719.94.npy,1719.94,1677.8922,42.047788085937555,2.4447241232797396
amostra_0115_1720.04.npy,1720.04,1803.4133,83.37333007812504,4.847173907474538
amostra_0731_1727.92.npy,1727.92,1783.4639,55.54386718749993,3.2144929850629618
amostra_0648_1729.13.npy,1729.13,1591.1488,137.9811962890626,7.979804658357821
amostra_1253_1744.87.npy,1744.87,1545.8129,199.0571337890624,11.408135493707979
amostra_0538_1756.79.npy,1756.79,1772.8306,16.040566406250036,0.9130611175069324
amostra_1153_1771.41.npy,1771.41,1624.8984,146.51156250000008,8.270900723152746
amostra_0218_1784.73.npy,1784.73,1453.3578,331.3722119140625,18.567078040603484
amostra_1040_1801.04.npy,1801.04,1495.0957,305.94429687499996,16.98709061847599
amostra_0126_1836.38.npy,1836.38,1923.3087,86.92871582031239,4.73369976912798
amostra_0435_1841.59.npy,1841.59,1818.0393,23.550693359374918,1.2788239162557855
amostra_0878_1844.26.npy,1844.26,1903.3331,59.07312988281251,3.2030803619236172
amostra_1031_1864.00.npy,1864.0,1434.3329,429.6671142578125,23.050810850741012
amostra_0802_1895.30.npy,1895.3,1615.6825,279.61750488281245,14.753205554941829
amostra_0303_1909.20.npy,1909.2,1699.1271,210.07292480468755,11.003191116943617
amostra_0424_1918.45.npy,1918.45,1840.9498,77.50017089843755,4.039728473425814
amostra_1102_1972.16.npy,1972.16,1638.4769,333.6830712890626,16.919675446670784
amostra_0464_1985.55.npy,1985.55,1449.0574,536.492626953125,27.01984976218806
amostra_0113_1988.47.npy,1988.47,1680.1073,308.3627001953125,15.507535954543568
amostra_0086_2000.39.npy,2000.39,1907.0642,93.3257910156251,4.6653798017199195
amostra_0868_2034.61.npy,2034.61,2301.436,266.8260351562501,13.114357796150127
amostra_0313_2042.91.npy,2042.91,2074.3079,31.397861328124918,1.5369184804090692
amostra_0374_2049.70.npy,2049.7,2094.799,45.09907226562518,2.2002767363821625
amostra_0170_2064.37.npy,2064.37,2074.6956,10.32555664062511,0.5001795531142726
amostra_0361_2086.48.npy,2086.48,1944.5249,141.95509765625002,6.8035685775205135
amostra_1250_2103.80.npy,2103.8,2043.7548,60.04523925781268,2.854132486824445
amostra_1168_2105.87.npy,2105.87,2013.7833,92.08667480468739,4.3728565773142405
amostra_0718_2114.88.npy,2114.88,1994.1586,120.72143066406261,5.708192931233101
amostra_0314_2116.68.npy,2116.68,2297.2349,180.55486328125016,8.530097288265122
amostra_0445_2168.74.npy,2168.74,1839.6984,329.0416357421873,15.172018579552521
amostra_0551_2172.12.npy,2172.12,2238.4983,66.37829101562511,3.0559219111110396
amostra_0708_2180.66.npy,2180.66,2066.7393,113.92074218749985,5.224140498174858
amostra_0522_2188.21.npy,2188.21,1937.6318,250.57816406250004,11.451285025774494
amostra_1044_2189.99.npy,2189.99,2209.4368,19.44676757812522,0.8879843094317883
amostra_1005_2199.19.npy,2199.19,1790.0715,409.11846679687505,18.60314328443086
amostra_1322_2201.61.npy,2201.61,2261.3103,59.70030273437487,2.711665678043562
amostra_0821_2210.11.npy,2210.11,2275.1143,65.00425781249987,2.9412227360855283
amostra_0167_2210.76.npy,2210.76,2086.6335,124.12645507812522,5.614650847587491
amostra_1152_2219.52.npy,2219.52,1951.5463,267.9737353515625,12.073499466171175
amostra_0786_2236.91.npy,2236.91,2014.1517,222.75826660156235,9.958302596061637
amostra_1139_2238.92.npy,2238.92,2032.9406,205.97944824218757,9.199946770862182
amostra_0402_2253.22.npy,2253.22,2055.9155,197.3044726562498,8.756556068925796
amostra_0340_2264.38.npy,2264.38,2239.3313,25.04870117187511,1.1062057239454115
amostra_1022_2276.64.npy,2276.64,2447.9185,171.27845703125013,7.523299996101718
amostra_0722_2280.07.npy,2280.07,2411.1758,131.10578124999984,5.750077026143926
amostra_1182_2280.42.npy,2280.42,2373.8462,93.42619140624993,4.096885284563805
amostra_0118_2285.79.npy,2285.79,2273.2896,12.500449218749964,0.5468765380349885
amostra_0701_2294.41.npy,2294.41,2102.275,192.13509765624985,8.374052486532479
amostra_0124_2303.61.npy,2303.61,1682.8838,620.7262109375001,26.94580293267958
amostra_1271_2306.33.npy,2306.33,2329.334,23.003984375000073,0.9974281379941324
amostra_0346_2306.99.npy,2306.99,2081.9812,225.00879882812478,9.753349551932379
amostra_0929_2314.89.npy,2314.89,2158.7148,156.17515624999987,6.746547622133228
amostra_0430_2330.78.npy,2330.78,2506.6323,175.8523242187498,7.54478433051381
amostra_0453_2348.29.npy,2348.29,2500.7124,152.42240234375004,6.4907827544191745
amostra_0341_2368.35.npy,2368.35,2378.8743,10.524267578125091,0.44437129554859256
amostra_1243_2375.25.npy,2375.25,2259.4644,115.78564453125,4.874671909535838
amostra_1166_2389.18.npy,2389.18,2481.8826,92.70256835937516,3.88009979823099
amostra_1012_2391.01.npy,2391.01,2318.2585,72.75145507812522,3.042708105701156
amostra_1101_2391.75.npy,2391.75,2181.5828,210.167236328125,8.787174091277308
amostra_1150_2406.61.npy,2406.61,2159.8237,246.78626953125013,10.25451857722066
amostra_1042_2406.69.npy,2406.69,2476.1602,69.47015624999995,2.886543603455366
amostra_0809_2406.95.npy,2406.95,2136.512,270.4380371093748,11.235714788814676
amostra_0727_2415.80.npy,2415.8,2480.6116,64.81157226562482,2.682820277573674
amostra_0263_2437.32.npy,2437.32,2058.1482,379.17180664062516,15.556915244638583
amostra_0139_2437.73.npy,2437.73,2009.8778,427.8521923828125,17.551254338372686
amostra_0693_2439.51.npy,2439.51,2468.1116,28.60157226562478,1.1724310318721702
amostra_0343_2457.50.npy,2457.5,2595.4836,137.983642578125,5.614797256485249
amostra_0400_2478.48.npy,2478.48,2448.696,29.783955078125018,1.201702457882453
amostra_0457_2497.38.npy,2497.38,2301.178,196.2020214843751,7.856314276737024
amostra_1171_2502.96.npy,2502.96,2094.9302,408.02982421875004,16.301891529179453
amostra_1070_2505.42.npy,2505.42,2216.3171,289.1028613281251,11.539097689334525
amostra_0971_2509.30.npy,2509.3,2527.8599,18.559863281249818,0.7396430590702514
amostra_0782_2511.09.npy,2511.09,2281.0728,230.01724609375015,9.160055836061238
amostra_0074_2512.76.npy,2512.76,2196.4797,316.2802636718752,12.58696666899645
amostra_1169_2514.59.npy,2514.59,2032.643,481.94705566406265,19.166029279686256
amostra_0901_2524.13.npy,2524.13,2435.991,88.13903320312511,3.491857915524363
amostra_0165_2532.80.npy,2532.8,2454.682,78.11811523437518,3.084259129594724
amostra_1222_2533.98.npy,2533.98,2101.8987,432.081318359375,17.05148889728313
amostra_1252_2561.06.npy,2561.06,2482.3054,78.75458007812495,3.0750775100202627
amostra_0180_2566.53.npy,2566.53,2222.5437,343.9862988281252,13.402777245078964
amostra_0610_2569.30.npy,2569.3,2433.2344,136.06562500000018,5.295824738255563
amostra_0104_2572.55.npy,2572.55,2475.1177,97.43232421875018,3.7873831108724874
amostra_0366_2575.26.npy,2575.26,2424.03,151.22997070312522,5.872415628057952
amostra_0937_2581.93.npy,2581.93,2200.3037,381.62628906249984,14.78065978018381
amostra_1002_2584.69.npy,2584.69,2197.4265,387.26348632812505,14.98297615296709
amostra_1118_2603.19.npy,2603.19,2360.8892,242.30083984375005,9.307843063462522
amostra_0750_2603.37.npy,2603.37,2701.3733,98.00329101562511,3.764478004111022
amostra_0036_2605.02.npy,2605.02,2197.0674,407.9526171875,15.660248949624187
amostra_0068_2605.20.npy,2605.2,2537.5793,67.62065429687482,2.595603189654338
amostra_1115_2607.83.npy,2607.83,2641.3362,33.50618164062507,1.2848299789719833
amostra_1192_2607.93.npy,2607.93,2665.823,57.892998046875164,2.219883127494801
amostra_0668_2609.55.npy,2609.55,2590.4268,19.123242187500182,0.7328176194171478
amostra_0062_2616.45.npy,2616.45,2470.497,145.95292968749982,5.578280864816825
amostra_1119_2620.01.npy,2620.01,2528.465,91.54491210937522,3.4940672787269977
amostra_0751_2621.47.npy,2621.47,2816.86,195.3901074218752,7.453455787091793
amostra_1276_2624.75.npy,2624.75,2243.291,381.458984375,14.533154943327936
amostra_0323_2628.37.npy,2628.37,2697.2166,68.84655273437511,2.6193630552157843
amostra_0317_2636.00.npy,2636.0,2101.9302,534.06982421875,20.260615486295524
amostra_0003_2636.67.npy,2636.67,2470.111,166.55891601562507,6.317017905753282
amostra_0355_2649.59.npy,2649.59,2642.4895,7.1004980468751455,0.2679847843204098
amostra_0636_2670.76.npy,2670.76,2420.1143,250.64574218750022,9.384809649219704
amostra_0448_2674.48.npy,2674.48,2394.9946,279.48537109375,10.450082673781445
amostra_0450_2678.67.npy,2678.67,2560.5679,118.10212890625007,4.408983895225991
amostra_0874_2678.93.npy,2678.93,2220.9126,458.01740234374984,17.09702763206765
amostra_0347_2684.47.npy,2684.47,2518.5632,165.9067675781248,6.180242937269734
amostra_1036_2690.85.npy,2690.85,2447.7527,243.0973144531249,9.03422020748555
amostra_0736_2708.71.npy,2708.71,2802.5476,93.83760742187496,3.4642913941276463
amostra_1121_2721.47.npy,2721.47,2515.3916,206.0783984374998,7.572319314102298
amostra_0557_2723.40.npy,2723.4,2737.2805,13.880517578124909,0.509676051190604
amostra_0519_2730.56.npy,2730.56,2303.2522,427.30780273437495,15.649090396635671
amostra_0512_2738.02.npy,2738.02,2589.334,148.68601562499998,5.430421093527439
amostra_1080_2739.97.npy,2739.97,2679.0325,60.9375292968748,2.224021770197294
amostra_0155_2742.26.npy,2742.26,2383.6885,358.5715234375002,13.075766828728867
amostra_0795_2753.96.npy,2753.96,2407.5142,346.44583984375004,12.579915461508156
amostra_0336_2755.53.npy,2755.53,2583.3857,172.1442578125002,6.247228584428411
amostra_0319_2771.94.npy,2771.94,2648.9998,122.94024414062505,4.435169741791851
amostra_0156_2775.18.npy,2775.18,2313.045,462.13507812499984,16.652436170806933
amostra_0122_2787.10.npy,2787.1,2540.0093,247.0907226562499,8.865513352812956
amostra_0555_2792.31.npy,2792.31,2434.7056,357.60443359374995,12.806759764988485
amostra_0210_2796.03.npy,2796.03,2409.755,386.2751171875002,13.815127777151897
amostra_0094_2804.51.npy,2804.51,2866.5474,62.03736328124978,2.212057125175156
amostra_0612_2825.05.npy,2825.05,2922.434,97.38408203124982,3.4471631309622772
amostra_0158_2825.71.npy,2825.71,2776.618,49.092080078125036,1.7373361059034733
amostra_1032_2834.80.npy,2834.8,2564.5864,270.2135742187502,9.532015458542055
amostra_0574_2835.06.npy,2835.06,2224.6572,610.4027734375,21.53050635392196
amostra_0508_2846.98.npy,2846.98,2451.7126,395.267353515625,13.88374184278165
amostra_0995_2853.97.npy,2853.97,2804.2417,49.7283007812498,1.7424254908513335
amostra_0102_2889.50.npy,2889.5,2618.9539,270.546142578125,9.363078130407509
amostra_0854_2900.75.npy,2900.75,2477.777,422.972900390625,14.58150134932776
amostra_1110_2939.38.npy,2939.38,2709.761,229.6190136718751,7.8118179232312634
amostra_1267_2952.16.npy,2952.16,2413.4849,538.6751367187499,18.246813747180028
amostra_0423_2971.68.npy,2971.68,2906.9873,64.69269531249984,2.176973809848296
amostra_1216_2983.76.npy,2983.76,2769.7148,214.04515625000022,7.173672019532409
amostra_1033_2985.51.npy,2985.51,2577.3752,408.1347558593752,13.670520475877662
amostra_0503_2987.01.npy,2987.01,2811.2485,175.76146484375022,5.88419405505004
amostra_1215_3010.22.npy,3010.22,2629.0022,381.2178027343748,12.664117663638367
amostra_1201_3033.31.npy,3033.31,2625.761,407.54901367187495,13.435785121595714
amostra_0220_3063.70.npy,3063.7,3016.3096,47.39042968749982,1.54683649467963
amostra_0516_3067.40.npy,3067.4,2913.9167,153.4832519531251,5.0036921155742675
amostra_0505_3081.49.npy,3081.49,2958.584,122.90601562499978,3.9885255387815564
amostra_1109_3083.80.npy,3083.8,3299.6936,215.89360351562482,7.000895113678735
amostra_0889_3087.92.npy,3087.92,3002.399,85.52107421875007,2.769536588342641
amostra_0001_3088.94.npy,3088.94,2731.7134,357.22662109375005,11.564699252615785
amostra_0702_3093.23.npy,3093.23,2921.1538,172.07619140625002,5.562993744605155
amostra_0169_3103.35.npy,3103.35,2931.1355,172.2145019531249,5.5493096799627795
amostra_0232_3109.14.npy,3109.14,2947.7095,161.43052734374987,5.192127962836986
amostra_1186_3126.66.npy,3126.66,2955.815,170.84505859374985,5.4641393241909855
amostra_0773_3130.36.npy,3130.36,2853.4146,276.9454492187501,8.847079863617926
amostra_0385_3138.73.npy,3138.73,3121.7244,17.005634765625018,0.5417998606323263
amostra_1062_3168.26.npy,3168.26,3107.7256,60.53441406250022,1.9106517161628218
amostra_0509_3189.64.npy,3189.64,2649.6282,540.0118261718749,16.930181028952322
amostra_1058_3190.43.npy,3190.43,3105.3962,85.03375976562484,2.6652758332144835
amostra_1076_3197.65.npy,3197.65,2814.551,383.0989746093751,11.980641239953563
amostra_0383_3205.28.npy,3205.28,2851.6035,353.6764843750002,11.034183733558384
amostra_0536_3217.09.npy,3217.09,3120.4805,96.60953125000015,3.0030099018056733
amostra_0060_3222.79.npy,3222.79,2845.8862,376.90376953124996,11.694952805837486
amostra_1021_3236.71.npy,3236.71,3215.0188,21.691201171875036,0.6701620216786501
amostra_0896_3251.91.npy,3251.91,2867.8862,384.02376953124985,11.809175823785095
amostra_1263_3267.80.npy,3267.8,3215.6216,52.17841796875018,1.5967445366531057
amostra_0288_3272.68.npy,3272.68,3001.1528,271.52716796874984,8.296783308137364
amostra_0244_3280.85.npy,3280.85,3270.345,10.505029296874909,0.32019230677644234
amostra_0687_3283.81.npy,3283.81,3464.25,180.44000000000005,5.494836790191882
amostra_0024_3284.60.npy,3284.6,3227.611,56.98891601562491,1.7350336727645652
amostra_0308_3286.43.npy,3286.43,3063.8135,222.61652343749984,6.773809983401437
amostra_0290_3293.24.npy,3293.24,3237.6501,55.58985351562478,1.6879988557051653
amostra_0966_3325.07.npy,3325.07,2993.3308,331.73918945312516,9.976908439615562
amostra_0138_3328.77.npy,3328.77,2890.6719,438.098125,13.160961105753778
amostra_0403_3329.26.npy,3329.26,3409.7312,80.47120117187478,2.417089718792608
amostra_0152_3338.64.npy,3338.64,3134.9175,203.72251953124987,6.101961263605836
amostra_0489_3340.86.npy,3340.86,3175.6187,165.24134765625013,4.946072198662923
amostra_0733_3382.41.npy,3382.41,3445.036,62.625888671875146,1.851516778624565
amostra_0793_3397.48.npy,3397.48,3498.9785,101.49851562499998,2.9874646980997674
amostra_1208_3399.92.npy,3399.92,3439.3833,39.46330078124993,1.1607126279809503
amostra_0351_3412.68.npy,3412.68,3152.2275,260.45246093749984,7.6319039856505695
amostra_0951_3421.85.npy,3421.85,2968.5603,453.2896972656249,13.24691898433961
amostra_0302_3439.19.npy,3439.19,3372.0408,67.14922851562505,1.9524721959422147
amostra_0410_3448.70.npy,3448.7,3323.9214,124.77861328124982,3.6181347545814315
amostra_1313_3458.11.npy,3458.11,3000.358,457.7520898437501,13.237059834526665
amostra_0286_3462.41.npy,3462.41,3189.8018,272.60824218749985,7.873366879933337
amostra_0855_3512.46.npy,3512.46,3473.5044,38.955605468750036,1.1090690134193708
amostra_0177_3545.18.npy,3545.18,3441.0054,104.17462890624984,2.938486308346821
amostra_1020_3558.55.npy,3558.55,3258.0615,300.4884765625002,8.444126865226009
amostra_1270_3558.63.npy,3558.63,3286.5166,272.1133984375001,7.646577431132208
amostra_0084_3558.81.npy,3558.81,2918.2598,640.550234375,17.999000631531324
amostra_0047_3582.42.npy,3582.42,3609.575,27.154951171874927,0.7580057941803285
amostra_0637_3599.93.npy,3599.93,3603.937,4.007011718750164,0.11130804539949844
amostra_0321_3618.54.npy,3618.54,3193.5422,424.99776367187496,11.745006651076814
amostra_0246_3639.65.npy,3639.65,3075.3843,564.2657226562501,15.503296269043728
amostra_0422_3645.28.npy,3645.28,3524.9883,120.2917187500002,3.2999308352170535
amostra_1259_3675.91.npy,3675.91,3106.9597,568.9502832031249,15.477807759252126
amostra_0864_3696.09.npy,3696.09,3644.317,51.773105468750146,1.4007533763720619
amostra_1025_3713.60.npy,3713.6,3638.6667,74.93325195312491,2.0178062245025017
amostra_0335_3735.97.npy,3735.97,3349.9924,385.9775683593748,10.331388323765308
amostra_0605_3747.89.npy,3747.89,3576.7605,171.12950195312487,4.566022534095849
amostra_0463_3755.32.npy,3755.32,3511.7288,243.59124023437516,6.486564133931999
amostra_0428_3766.93.npy,3766.93,3563.606,203.32404296874984,5.397606086886399
amostra_0771_3784.44.npy,3784.44,3557.911,226.52911132812505,5.985802690176752
amostra_0035_3859.47.npy,3859.47,3744.516,114.9538867187498,2.9784889303129654
amostra_0073_3860.06.npy,3860.06,3865.762,5.701962890625055,0.14771694975272545
amostra_1184_3861.30.npy,3861.3,3580.6929,280.6071289062502,7.267167246944038
amostra_1117_3880.85.npy,3880.85,3286.42,594.4300781249999,15.317007308321628
amostra_1266_3892.77.npy,3892.77,3513.2856,379.48435546875,9.748440197308087
amostra_0974_3898.79.npy,3898.79,3805.5786,93.21138671874996,2.39077731087722
amostra_1176_3957.91.npy,3957.91,3965.6753,7.7652929687501455,0.19619680510042284
amostra_1137_3976.83.npy,3976.83,3593.4065,383.4235058593749,9.64143566255975
amostra_0920_4026.16.npy,4026.16,3747.4397,278.72030273437485,6.922732895224602
amostra_0696_4062.33.npy,4062.33,3859.0508,203.27921874999993,5.0040055522323375
amostra_1128_4181.77.npy,4181.77,3773.2844,408.48557617187544,9.76824589042141
amostra_0268_4203.32.npy,4203.32,4179.413,23.90691406249971,0.5687626462534309
amostra_0334_4218.52.npy,4218.52,3832.2808,386.23923828125044,9.155799623594303
amostra_0867_4322.76.npy,4322.76,4093.613,229.14696289062522,5.300941132300317
amostra_0211_4751.05.npy,4751.05,4522.3003,228.74970703125018,4.814718999615878
